{
  "/partile_num": {
    "min": 100,
    "max": 1000,
    "value": 100
  },
  "/yRange": {
    "lowValue": 0,
    "highValue": 1687.07373046875
  },
  "/resolution": {
    "min": 1,
    "max": 10,
    "value": 1
  },
  "/depthRange": {
    "lowValue": 781.4052734375,
    "highValue": 2036.3895263671875
  },
  "/pointSize": {
    "min": 1,
    "max": 10,
    "value": 5
  },
  "/xRange": {
    "lowValue": 528.1683959960938,
    "highValue": 1681.5157470703125
  },
  "/buffer": {
    "min": 10,
    "max": 300,
    "value": 66.55000305175781
  }
}