{
  "/partile_num": {
    "min": 100,
    "max": 1000,
    "value": 100
  },
  "/yRange": {
    "lowValue": 0,
    "highValue": 1410.35791015625
  },
  "/resolution": {
    "min": 1,
    "max": 10,
    "value": 3
  },
  "/depthRange": {
    "lowValue": 781.4052734375,
    "highValue": 2036.3895263671875
  },
  "/pointSize": {
    "min": 1,
    "max": 10,
    "value": 5
  },
  "/xRange": {
    "lowValue": 517.3894653320312,
    "highValue": 1681.5157470703125
  },
  "/buffer": {
    "min": 10,
    "max": 300,
    "value": 28.849998474121094
  }
}